{
  "episodes": [
    1,
    2,
    3,
    4,
    5,
    6,
    7,
    8,
    9,
    10
  ],
  "rewards": [
    1.2339442633363347,
    1.2814447392240922,
    1.1496093702976977,
    1.2738445301707317,
    1.2407620855986605,
    1.1531163479197546,
    1.256183704499757,
    1.28751535310631,
    1.199290797934538,
    1.2128765874690612
  ],
  "annotation_predictions": [
    3,
    3,
    3,
    3,
    3,
    3,
    3,
    3,
    3,
    3
  ],
  "accuracy": []
}