{
  "episodes": [
    1,
    2,
    3,
    4,
    5,
    6,
    7,
    8,
    9,
    10
  ],
  "rewards": [
    -0.0033632004515006253,
    0.07698290259773544,
    -0.07812776053693171,
    -0.06411721217783045,
    0.021722406019686294,
    0.03533636502418294,
    0.0408152229110047,
    0.05561241694476873,
    -0.013995629748589061,
    0.07040102545959151
  ],
  "annotation_predictions": [
    3,
    3,
    3,
    3,
    3,
    3,
    3,
    3,
    3,
    3
  ],
  "accuracy": []
}