{
  "episodes": [
    1,
    2,
    3,
    4,
    5,
    6,
    7,
    8,
    9,
    10
  ],
  "rewards": [
    0.602561534198053,
    0.7357174823832574,
    0.760931672756402,
    0.6956603516265074,
    0.6580491363400334,
    0.6687002352167982,
    0.7361173219096581,
    0.7105767649249444,
    0.7313123968560833,
    0.6535381778268441
  ],
  "annotation_predictions": [
    3,
    3,
    3,
    3,
    3,
    3,
    3,
    3,
    3,
    3
  ],
  "accuracy": []
}