{
  "episodes": [
    1,
    2,
    3,
    4,
    5,
    6,
    7,
    8,
    9,
    10
  ],
  "rewards": [
    0.09804475266166893,
    0.05069127041427737,
    -0.0304129632144529,
    -0.027635133620560123,
    -0.07546083751251383,
    -0.08530855392008928,
    -0.06884413091131843,
    -0.09602412550891536,
    -0.017409798966561113,
    0.08275596656286671
  ],
  "annotation_predictions": [
    3,
    3,
    3,
    3,
    3,
    3,
    3,
    3,
    3,
    3
  ],
  "accuracy": []
}