{
  "episodes": [
    1,
    2,
    3,
    4,
    5,
    6,
    7,
    8,
    9,
    10
  ],
  "rewards": [
    -0.09811222455291742,
    -0.01722153950651681,
    -0.09742759230632712,
    0.059015134237008104,
    -0.07910501144899014,
    0.008607497502130038,
    -0.020389323247308383,
    -0.014775717374849034,
    -0.055907392529953054,
    -0.032681579996143725
  ],
  "annotation_predictions": [
    3,
    3,
    3,
    3,
    3,
    3,
    3,
    3,
    3,
    3
  ],
  "accuracy": []
}