{
  "episodes": [
    1,
    2,
    3,
    4,
    5,
    6,
    7,
    8,
    9,
    10
  ],
  "rewards": [
    -0.09975082848125034,
    -0.07200801407608937,
    -0.05636302483944975,
    -0.06910180504009361,
    -0.05191791405907789,
    0.047609504209974285,
    0.0027673926976372193,
    0.04416969134662807,
    -0.0652735845335255,
    0.014784112918461018
  ],
  "annotation_predictions": [
    3,
    3,
    3,
    3,
    3,
    3,
    3,
    3,
    3,
    3
  ],
  "accuracy": []
}