{
  "episodes": [
    1,
    2,
    3,
    4,
    5,
    6,
    7,
    8,
    9,
    10
  ],
  "rewards": [
    0.05939947561854553,
    0.07803152922774914,
    -0.03164113184865325,
    0.03609848580256439,
    -0.09532338383868372,
    -0.05188883432806915,
    0.09555637010752896,
    0.0917422091253634,
    -0.05443477820627121,
    0.016784833453041534
  ],
  "annotation_predictions": [
    3,
    3,
    3,
    3,
    3,
    3,
    3,
    3,
    3,
    3
  ],
  "accuracy": []
}