{
  "episodes": [
    1,
    2,
    3,
    4,
    5,
    6,
    7,
    8,
    9,
    10
  ],
  "rewards": [
    0.06499761068537355,
    -0.035184181272869736,
    0.002908523325587928,
    -0.000726379909145286,
    0.0870704669842321,
    0.0789498515141494,
    0.02631085001574518,
    -0.025124733507244076,
    0.014456508896816891,
    -0.09430322532161173
  ],
  "annotation_predictions": [
    3,
    3,
    3,
    3,
    3,
    3,
    3,
    3,
    3,
    3
  ],
  "accuracy": []
}