{
  "episodes": [
    1,
    2,
    3,
    4,
    5,
    6,
    7,
    8,
    9,
    10
  ],
  "rewards": [
    -0.03978229412381851,
    -0.08314608625284597,
    0.0290003466865148,
    0.0398772213844974,
    0.05496257811980845,
    0.055376035699459675,
    0.08528460456075448,
    0.07037921783837273,
    0.07440173963571561,
    0.025613845416973452
  ],
  "annotation_predictions": [
    3,
    3,
    3,
    3,
    3,
    3,
    3,
    3,
    3,
    3
  ],
  "accuracy": []
}