{
  "episodes": [
    1,
    2,
    3,
    4,
    5,
    6,
    7,
    8,
    9,
    10
  ],
  "rewards": [
    1.1554188603083013,
    1.2834551508765482,
    1.2153145944627737,
    1.1553978391039306,
    1.107393967440685,
    1.2259124495501361,
    1.2114806818167836,
    1.223161691384303,
    1.1688360598314036,
    1.1348329458698005
  ],
  "annotation_predictions": [
    3,
    3,
    3,
    3,
    3,
    3,
    3,
    3,
    3,
    3
  ],
  "accuracy": []
}