{
  "episodes": [
    1,
    2,
    3,
    4,
    5,
    6,
    7,
    8,
    9,
    10,
    11,
    12,
    13,
    14,
    15,
    16,
    17,
    18,
    19,
    20,
    21,
    22,
    23,
    24,
    25,
    26,
    27,
    28,
    29,
    30,
    31,
    32,
    33,
    34,
    35,
    36,
    37,
    38,
    39,
    40,
    41,
    42,
    43,
    44,
    45,
    46,
    47,
    48,
    49,
    50,
    51,
    52,
    53,
    54,
    55,
    56,
    57,
    58,
    59,
    60,
    61,
    62,
    63,
    64,
    65,
    66,
    67,
    68,
    69,
    70,
    71,
    72,
    73,
    74,
    75,
    76,
    77,
    78,
    79,
    80,
    81,
    82,
    83,
    84,
    85,
    86,
    87,
    88,
    89,
    90,
    91,
    92,
    93,
    94,
    95,
    96,
    97,
    98,
    99,
    100
  ],
  "rewards": [
    -0.05032588670307517,
    0.3676277684618885,
    0.39516557014590936,
    0.34920980076554753,
    0.2556882686913113,
    0.0,
    -0.042113584922176366,
    1.025098205693692,
    0.23992088538638803,
    0.6486688617579156,
    0.0,
    0.27435006539229784,
    0.36233505689815093,
    0.30003143060892945,
    0.4275270631330014,
    0.33460518682917284,
    0.0,
    -0.0575875093085052,
    0.24334648527940073,
    0.0,
    0.0,
    1.176577420920293,
    1.182828532450051,
    0.7106609751791628,
    1.1418655130273991,
    0.0,
    1.2759399279012544,
    1.1804943415448559,
    1.2533081002537143,
    1.2930465744636321,
    1.1878542746072496,
    1.270360901005545,
    1.1246733144094962,
    1.2314044081596127,
    0.0,
    1.223545212839837,
    1.2251594770698262,
    1.1278183030070823,
    1.2483577899741483,
    1.173265606020733,
    1.248515252826347,
    1.1227689944625197,
    1.2171820865535514,
    0.0,
    1.1297673582166934,
    0.0,
    1.2813106106359253,
    0.0,
    1.1651484443412818,
    0.0,
    0.0,
    0.0,
    1.2009928359559432,
    0.5205456059243062,
    1.1445243465264816,
    0.0,
    1.232526643000849,
    1.233058370927017,
    1.1370622227350984,
    1.2368838594798042,
    1.238415728253528,
    1.2398274313090591,
    1.2646629487295828,
    1.2916936221090176,
    0.0,
    1.161753778269333,
    1.1365356719513542,
    1.1737229806138305,
    1.1579528731386224,
    1.1524057000765573,
    0.0,
    1.2928342508238007,
    1.1356598609244153,
    1.2979202054347048,
    1.2703953685760565,
    1.145771189572561,
    1.2436660724458264,
    0.0,
    1.1861286115417466,
    1.1971547747627844,
    1.2636593603020931,
    0.0,
    1.2908216334907967,
    0.0,
    1.2515970038346005,
    1.2075429696397086,
    1.1910639386713953,
    1.2373094815007248,
    1.203816621881238,
    1.235618714393652,
    1.109556514736108,
    1.1977755520385531,
    1.1816396866846715,
    1.1228730007137104,
    1.1213855108562079,
    0.0,
    1.2547017934779598,
    1.2635781436850047,
    1.107554584023878,
    1.128628882966441
  ],
  "annotation_predictions": [
    3,
    3,
    3,
    3,
    3,
    3,
    3,
    3,
    3,
    3,
    3,
    3,
    3,
    3,
    3,
    3,
    3,
    3,
    3,
    3,
    3,
    3,
    3,
    3,
    3,
    3,
    3,
    3,
    3,
    3,
    3,
    3,
    3,
    3,
    3,
    3,
    3,
    3,
    3,
    3,
    3,
    3,
    3,
    3,
    3,
    3,
    3,
    3,
    3,
    3,
    3,
    3,
    3,
    3,
    3,
    3,
    3,
    3,
    3,
    3,
    3,
    3,
    3,
    3,
    3,
    3,
    3,
    3,
    3,
    3,
    3,
    3,
    3,
    3,
    3,
    3,
    3,
    3,
    3,
    3,
    3,
    3,
    3,
    3,
    3,
    3,
    3,
    3,
    3,
    3,
    3,
    3,
    3,
    3,
    3,
    3,
    3,
    3,
    3,
    3
  ],
  "accuracy": []
}