{
  "episodes": [
    1,
    2,
    3,
    4,
    5,
    6,
    7,
    8,
    9,
    10
  ],
  "rewards": [
    1.1953913578538897,
    1.1838332498234274,
    1.2401820035426754,
    1.1091852814002996,
    1.2994829009546576,
    1.1723072192715838,
    1.2084037298756996,
    1.2792104177675556,
    1.2435719148427036,
    1.2100009433043086
  ],
  "annotation_predictions": [
    3,
    3,
    3,
    3,
    3,
    3,
    3,
    3,
    3,
    3
  ],
  "accuracy": []
}