{
  "episodes": [
    1,
    2,
    3,
    4,
    5,
    6,
    7,
    8,
    9,
    10
  ],
  "rewards": [
    1.1790423719187575,
    1.2689701318044126,
    1.108770145369773,
    1.1011057082915197,
    1.1312272728216015,
    1.1743219287877553,
    1.1604884714780304,
    1.2283841742093355,
    1.1739171543861924,
    1.1773481660951624
  ],
  "annotation_predictions": [
    3,
    3,
    3,
    3,
    3,
    3,
    3,
    3,
    3,
    3
  ],
  "accuracy": []
}