{
  "episodes": [
    1,
    2,
    3,
    4,
    5
  ],
  "rewards": [
    0.029445741755549926,
    -0.08323943329278188,
    0.005891112089841569,
    0.07934863814156065,
    -0.045438034875215985
  ],
  "annotation_predictions": [
    3,
    3,
    3,
    3,
    3
  ],
  "accuracy": []
}