{
  "episodes": [
    1,
    2,
    3,
    4,
    5,
    6,
    7,
    8,
    9,
    10
  ],
  "rewards": [
    0.0,
    -0.020672155459023303,
    0.0352488189378975,
    -0.09051940862021944,
    0.025728459419215588,
    -0.06567055625414855,
    0.0,
    0.0,
    -0.09323750962294158,
    0.0
  ],
  "annotation_predictions": [
    3,
    3,
    3,
    3,
    3,
    3,
    3,
    3,
    3,
    3
  ],
  "accuracy": []
}