{
  "annotation_type": "@GTENegativeOne",
  "base_model_type": "enhanced_hybrid",
  "final_train_loss": 1.401802521198988,
  "final_val_loss": 1.951429307460785,
  "final_train_accuracy": 0.6666666666666666,
  "final_val_accuracy": 0.3333333333333333,
  "best_val_loss": 1.5079621076583862,
  "epochs": 3,
  "max_nodes": 1000,
  "max_edges": 2000,
  "training_samples": 3,
  "validation_samples": 3
}