{
  "episodes": [
    1,
    2,
    3,
    4,
    5
  ],
  "rewards": [
    0.0,
    1.1741023494924605,
    1.1351189502618375,
    0.7386782392197354,
    1.1440842862143215
  ],
  "annotation_predictions": [
    3,
    3,
    3,
    3,
    3
  ],
  "accuracy": []
}