{
  "episodes": [
    1,
    2,
    3,
    4,
    5,
    6,
    7,
    8,
    9,
    10
  ],
  "rewards": [
    0.7573408308859009,
    0.6080909678355256,
    0.6381079602891876,
    0.6221287195143028,
    0.7080446314907591,
    0.5813898029888988,
    0.7175496095224795,
    0.6641004876245936,
    0.6669360312664707,
    0.5891853760017896
  ],
  "annotation_predictions": [
    3,
    3,
    3,
    3,
    3,
    3,
    3,
    3,
    3,
    3
  ],
  "accuracy": []
}