{
  "episodes": [
    1,
    2,
    3
  ],
  "rewards": [
    0.0,
    0.01164444879248612,
    -0.016212530173455697
  ],
  "annotation_predictions": [
    3,
    3,
    3
  ],
  "accuracy": []
}