{
  "episodes": [
    1,
    2,
    3,
    4,
    5,
    6,
    7,
    8,
    9,
    10
  ],
  "rewards": [
    0.07678815644683004,
    0.048811754230017906,
    -0.040840489194164414,
    0.08623710945079127,
    0.04892712162538265,
    0.026386589823523987,
    0.02980295527098692,
    0.09228056508820379,
    -0.08487008463608546,
    0.05152586512617094
  ],
  "annotation_predictions": [
    3,
    3,
    3,
    3,
    3,
    3,
    3,
    3,
    3,
    3
  ],
  "accuracy": []
}