{
  "episodes": [
    1,
    2,
    3,
    4,
    5
  ],
  "rewards": [
    0.3836746859625255,
    0.40231389811405804,
    0.37601095300207693,
    0.32951768950850713,
    0.3356000389395044
  ],
  "annotation_predictions": [
    3,
    3,
    3,
    3,
    3
  ],
  "accuracy": []
}