{
  "episodes": [
    1,
    2,
    3,
    4,
    5,
    6,
    7,
    8,
    9,
    10,
    11,
    12,
    13,
    14,
    15,
    16,
    17,
    18,
    19,
    20,
    21,
    22,
    23,
    24,
    25,
    26,
    27,
    28,
    29,
    30,
    31,
    32,
    33,
    34,
    35,
    36,
    37,
    38,
    39,
    40,
    41,
    42,
    43,
    44,
    45,
    46,
    47,
    48,
    49,
    50
  ],
  "rewards": [
    -0.006881033791915889,
    -0.020127194222682193,
    -0.00104038865067424,
    0.08978043800747584,
    -0.053368790557489755,
    0.09560163411652667,
    0.09348435830342414,
    -0.08348881454968593,
    0.06710885818473719,
    0.0021112752875973168,
    -0.06083539987341857,
    0.027762098311146843,
    -0.012566955678580322,
    -0.004029514285039254,
    -0.03510497467095157,
    0.0008394382528223998,
    0.02911082576829241,
    0.07355716789584699,
    -0.032270729885793534,
    0.07030526028186454,
    1.1589717679305584,
    1.2164832929805713,
    1.151798266424831,
    1.2380777393605977,
    1.175140533203549,
    1.122497428665674,
    1.1862382157243858,
    1.2675511252136507,
    1.2910791655526876,
    1.1600340639912883,
    1.1313664068961997,
    1.2882776906741134,
    1.2750906266319901,
    1.1197007009103501,
    1.195360848265066,
    1.2590552953768823,
    1.2636489086854064,
    1.2971908914471983,
    1.1329019257610955,
    1.1406431644503172,
    1.2995560565198563,
    1.1019469796095276,
    1.2557358102381107,
    1.2803597544989467,
    1.1856624350165412,
    1.1733309203318791,
    1.2811498106229626,
    1.2886532135549849,
    1.2325607471627875,
    1.287624711392
  ],
  "annotation_predictions": [
    3,
    3,
    3,
    3,
    3,
    3,
    3,
    3,
    3,
    3,
    3,
    3,
    3,
    3,
    3,
    3,
    3,
    3,
    3,
    3,
    3,
    3,
    3,
    3,
    3,
    3,
    3,
    3,
    3,
    3,
    3,
    3,
    3,
    3,
    3,
    3,
    3,
    3,
    3,
    3,
    3,
    3,
    3,
    3,
    3,
    3,
    3,
    3,
    3,
    3
  ],
  "accuracy": []
}