{
  "episodes": [
    1,
    2,
    3,
    4,
    5,
    6,
    7,
    8,
    9,
    10
  ],
  "rewards": [
    -0.01632719757305072,
    0.020723913037964753,
    -0.0712385458085433,
    -0.0010374581185870896,
    -0.09126520314095186,
    0.09649432513556283,
    0.08231558973736677,
    0.024600832191516098,
    -0.09303349984012313,
    -0.07278242115406203
  ],
  "annotation_predictions": [
    3,
    3,
    3,
    3,
    3,
    3,
    3,
    3,
    3,
    3
  ],
  "accuracy": []
}