{
  "episodes": [
    1,
    2,
    3,
    4,
    5,
    6,
    7,
    8,
    9,
    10
  ],
  "rewards": [
    1.1795849691137015,
    1.2054876670152754,
    1.1496589649000672,
    1.261143915371997,
    1.176591923042258,
    1.123465146799553,
    1.197430941686596,
    1.2252413228616572,
    1.2143928611502368,
    1.149584409326475
  ],
  "annotation_predictions": [
    3,
    3,
    3,
    3,
    3,
    3,
    3,
    3,
    3,
    3
  ],
  "accuracy": []
}