{
  "episodes": [
    1,
    2,
    3,
    4,
    5,
    6,
    7,
    8,
    9,
    10,
    11,
    12,
    13,
    14,
    15,
    16,
    17,
    18,
    19,
    20,
    21,
    22,
    23,
    24,
    25,
    26,
    27,
    28,
    29,
    30,
    31,
    32,
    33,
    34,
    35,
    36,
    37,
    38,
    39,
    40,
    41,
    42,
    43,
    44,
    45,
    46,
    47,
    48,
    49,
    50,
    51,
    52,
    53,
    54,
    55,
    56,
    57,
    58,
    59,
    60,
    61,
    62,
    63,
    64,
    65,
    66,
    67,
    68,
    69,
    70,
    71,
    72,
    73,
    74,
    75,
    76,
    77,
    78,
    79,
    80,
    81,
    82,
    83,
    84,
    85,
    86,
    87,
    88,
    89,
    90,
    91,
    92,
    93,
    94,
    95,
    96,
    97,
    98,
    99,
    100
  ],
  "rewards": [
    0.062352820537017156,
    -0.030665299983258093,
    -0.07264262963037414,
    0.09115687811746315,
    -0.008145503957109265,
    0.0,
    0.04824006679640702,
    0.4861696061240829,
    -0.04089591462001368,
    0.022511173470081247,
    0.0,
    -0.03358900150002571,
    -0.020207555959241064,
    -0.06421594881033268,
    0.0055085058067384784,
    0.029401103500258263,
    0.0,
    0.013540477318792293,
    0.04654223586634282,
    0.0,
    0.0,
    0.24797201479580416,
    0.3826507617970091,
    0.04285982490668325,
    0.33162216789795695,
    0.0,
    0.2529420590674505,
    0.7167985918276992,
    0.7285345337595794,
    0.0667088652317962,
    1.1410757002193859,
    -0.011577710692982926,
    1.1073709115127977,
    -0.04427449352626267,
    0.0,
    1.1585108415869587,
    1.2517179963593037,
    1.105748839221689,
    1.2171434043129814,
    1.1376118443832224,
    1.1081668697110159,
    1.2145404922414138,
    1.1191379501700909,
    0.0,
    1.1779498697561257,
    0.0,
    1.1660909789919092,
    0.0,
    1.199875646926364,
    0.0,
    0.0,
    0.0,
    1.170478511932064,
    0.39526125465626993,
    1.2102859463197149,
    0.0,
    1.1846012736415819,
    1.2978199094459808,
    1.2471508717105313,
    1.1820177679917778,
    1.1625636477817893,
    1.2918481548669705,
    1.1517078468283968,
    1.2977389844644063,
    0.0,
    1.2024761489240985,
    1.1025075123951131,
    1.2440599511039092,
    1.1408712087176125,
    1.1476970184944735,
    0.0,
    1.109991997462635,
    1.27328377373076,
    1.1830130569428248,
    1.160789445955393,
    1.1793302182827323,
    1.237873572416562,
    0.0,
    1.1839479082056188,
    1.2814748295136427,
    1.1674611197142342,
    0.0,
    1.1299585914569505,
    0.0,
    1.286972472894755,
    1.166080759719864,
    1.1442431851213046,
    1.189958057725352,
    1.2350946594383796,
    1.2934390225500088,
    1.2043048419719304,
    1.290712196180471,
    1.2018822270520875,
    1.2456651030496932,
    1.100701723063069,
    0.0,
    1.17323804524276,
    1.1202674840231812,
    1.1555544728957194,
    1.298612890485699
  ],
  "annotation_predictions": [
    3,
    3,
    3,
    3,
    3,
    3,
    3,
    3,
    3,
    3,
    3,
    3,
    3,
    3,
    3,
    3,
    3,
    3,
    3,
    3,
    3,
    3,
    3,
    3,
    3,
    3,
    3,
    3,
    3,
    3,
    3,
    3,
    3,
    3,
    3,
    3,
    3,
    3,
    3,
    3,
    3,
    3,
    3,
    3,
    3,
    3,
    3,
    3,
    3,
    3,
    3,
    3,
    3,
    3,
    3,
    3,
    3,
    3,
    3,
    3,
    3,
    3,
    3,
    3,
    3,
    3,
    3,
    3,
    3,
    3,
    3,
    3,
    3,
    3,
    3,
    3,
    3,
    3,
    3,
    3,
    3,
    3,
    3,
    3,
    3,
    3,
    3,
    3,
    3,
    3,
    3,
    3,
    3,
    3,
    3,
    3,
    3,
    3,
    3,
    3
  ],
  "accuracy": []
}