{
  "episodes": [
    1,
    2,
    3,
    4,
    5,
    6,
    7,
    8,
    9,
    10
  ],
  "rewards": [
    0.6948157583287684,
    0.7332231751454643,
    0.6338871491997365,
    0.6832015097865317,
    0.5675073474531177,
    0.6408148333634415,
    0.5883699845570374,
    0.7291226175554646,
    0.7452111824605737,
    0.5850144921114706
  ],
  "annotation_predictions": [
    3,
    3,
    3,
    3,
    3,
    3,
    3,
    3,
    3,
    3
  ],
  "accuracy": []
}