{
  "episodes": [
    1,
    2,
    3,
    4,
    5,
    6,
    7,
    8,
    9,
    10
  ],
  "rewards": [
    0.09429963129266905,
    -0.017356223245788824,
    -0.0767099424475775,
    -0.09186364338933169,
    -0.009431929458299362,
    -0.09631330863170201,
    0.04059704283239715,
    0.08885398949082987,
    0.04290248040766906,
    -0.05671345743118925
  ],
  "annotation_predictions": [
    3,
    3,
    3,
    3,
    3,
    3,
    3,
    3,
    3,
    3
  ],
  "accuracy": []
}