{
  "episodes": [
    1,
    2,
    3,
    4,
    5,
    6,
    7,
    8,
    9,
    10,
    11,
    12,
    13,
    14,
    15,
    16,
    17,
    18,
    19,
    20,
    21,
    22,
    23,
    24,
    25,
    26,
    27,
    28,
    29,
    30,
    31,
    32,
    33,
    34,
    35,
    36,
    37,
    38,
    39,
    40,
    41,
    42,
    43,
    44,
    45,
    46,
    47,
    48,
    49,
    50,
    51,
    52,
    53,
    54,
    55,
    56,
    57,
    58,
    59,
    60,
    61,
    62,
    63,
    64,
    65,
    66,
    67,
    68,
    69,
    70,
    71,
    72,
    73,
    74,
    75,
    76,
    77,
    78,
    79,
    80,
    81,
    82,
    83,
    84,
    85,
    86,
    87,
    88,
    89,
    90,
    91,
    92,
    93,
    94,
    95,
    96,
    97,
    98,
    99,
    100
  ],
  "rewards": [
    1.1095267348159707,
    1.1547866454826856,
    1.2654461762145468,
    1.2706905531420696,
    1.2126025606451378,
    0.0,
    1.22629361892464,
    0.4678624140929438,
    1.1345097273133438,
    1.2164410583526146,
    0.0,
    1.2920335729424735,
    1.2375268123840524,
    1.1152346780663702,
    1.213407865373329,
    1.2372640497874716,
    0.0,
    1.2017179421220465,
    1.2254298093410616,
    0.0,
    0.0,
    1.2912881490904033,
    1.2823904624452485,
    1.1881628353245772,
    1.256324966675575,
    0.0,
    1.225350968039929,
    1.277883297624509,
    1.115111364382645,
    1.258589334078239,
    1.2509161814302572,
    1.1592354438645618,
    1.241688138646361,
    1.2178251762633856,
    0.0,
    1.298188307354732,
    1.2397684107599591,
    1.2324633436523533,
    1.23358504258789,
    1.133981274235195,
    1.2210933484789115,
    1.1420649642462033,
    1.1805458184522868,
    0.0,
    1.2325452827806884,
    0.0,
    1.118460899024062,
    0.0,
    1.202624347550011,
    0.0,
    0.0,
    0.0,
    1.1999569465545052,
    0.5065672292320753,
    1.1331218917140558,
    0.0,
    1.1250357541438207,
    1.1978935580582992,
    1.21310003285311,
    1.197549144754042,
    1.2545565358600193,
    1.220474655192259,
    1.2881499262112128,
    1.166864605918715,
    0.0,
    1.23644284812813,
    1.1545145714999814,
    1.2373976707270427,
    1.1646306589242443,
    1.1160072464724058,
    0.0,
    1.196533439541926,
    1.2732622179553863,
    1.1684402865171923,
    1.2176170798448749,
    1.1896038023732893,
    1.2533973418761264,
    0.0,
    1.1538422653393434,
    1.1832399309377981,
    1.227218008609483,
    0.0,
    1.2119663324654062,
    0.0,
    1.2145514343751616,
    1.2306424868091048,
    1.1552155222211462,
    1.2606857181123843,
    1.2097170907022559,
    1.2571101968555038,
    1.1254539013749771,
    1.129005611309087,
    1.1690821677584031,
    1.1366597220076116,
    1.100523068690752,
    0.0,
    1.2627025449233629,
    1.1661744678536174,
    1.250816777279495,
    1.1658368177078677
  ],
  "annotation_predictions": [
    3,
    3,
    3,
    3,
    3,
    3,
    3,
    3,
    3,
    3,
    3,
    3,
    3,
    3,
    3,
    3,
    3,
    3,
    3,
    3,
    3,
    3,
    3,
    3,
    3,
    3,
    3,
    3,
    3,
    3,
    3,
    3,
    3,
    3,
    3,
    3,
    3,
    3,
    3,
    3,
    3,
    3,
    3,
    3,
    3,
    3,
    3,
    3,
    3,
    3,
    3,
    3,
    3,
    3,
    3,
    3,
    3,
    3,
    3,
    3,
    3,
    3,
    3,
    3,
    3,
    3,
    3,
    3,
    3,
    3,
    3,
    3,
    3,
    3,
    3,
    3,
    3,
    3,
    3,
    3,
    3,
    3,
    3,
    3,
    3,
    3,
    3,
    3,
    3,
    3,
    3,
    3,
    3,
    3,
    3,
    3,
    3,
    3,
    3,
    3
  ],
  "accuracy": []
}