{
  "episodes": [
    1,
    2,
    3,
    4,
    5,
    6,
    7,
    8,
    9,
    10,
    11,
    12,
    13,
    14,
    15,
    16,
    17,
    18,
    19,
    20,
    21,
    22,
    23,
    24,
    25,
    26,
    27,
    28,
    29,
    30,
    31,
    32,
    33,
    34,
    35,
    36,
    37,
    38,
    39,
    40,
    41,
    42,
    43,
    44,
    45,
    46,
    47,
    48,
    49,
    50,
    51,
    52,
    53,
    54,
    55,
    56,
    57,
    58,
    59,
    60,
    61,
    62,
    63,
    64,
    65,
    66,
    67,
    68,
    69,
    70,
    71,
    72,
    73,
    74,
    75,
    76,
    77,
    78,
    79,
    80,
    81,
    82,
    83,
    84,
    85,
    86,
    87,
    88,
    89,
    90,
    91,
    92,
    93,
    94,
    95,
    96,
    97,
    98,
    99,
    100
  ],
  "rewards": [
    0.2541804704278706,
    -0.08079738449431276,
    0.22003050082942413,
    0.021545243983535342,
    0.2741987906380754,
    0.0,
    0.40406676104699074,
    0.2657305381101575,
    -0.05576696601721685,
    -0.08258577653265822,
    0.0,
    0.013383176263776497,
    0.2219151224017364,
    0.3093577367643494,
    0.16298545056183306,
    0.259449709784085,
    0.0,
    0.49218608176852485,
    0.004899974834500359,
    0.0,
    0.0,
    -0.024428441927338035,
    -0.02879426295362729,
    0.269998649716084,
    0.16022731247041527,
    0.0,
    0.05871646426541652,
    1.297397593726741,
    0.20504068346149645,
    0.20121350134165406,
    0.24460413012832916,
    1.2492671902848143,
    0.27523558186235053,
    1.280873646607198,
    0.0,
    0.3695294045422254,
    0.19301471149957902,
    0.35358458395412984,
    0.6441933701670998,
    0.2964414908921159,
    0.2943645140181328,
    0.2740474224989246,
    0.5241536990061243,
    0.0,
    0.28568181241834695,
    0.0,
    0.17413185229380485,
    0.0,
    -0.07051767835645416,
    0.0,
    0.0,
    0.0,
    0.29192190451125644,
    0.28415443638627974,
    0.2669488463427633,
    0.0,
    0.15782022403922877,
    0.42815380958236493,
    0.28461148137100234,
    0.2688322142968618,
    0.43641371402110796,
    0.7016940248764374,
    0.5697310162159929,
    0.4055718465413043,
    0.0,
    0.6120501633917818,
    0.539583832240028,
    1.1122596371618612,
    0.24576326813986143,
    0.6890251550345677,
    0.0,
    1.1185458653505365,
    1.274377326070455,
    1.113640874927282,
    1.1651232228834485,
    1.1797269117763742,
    1.1574116805706496,
    0.0,
    0.2597457085587481,
    1.1220239342550724,
    1.2951629148945172,
    0.0,
    1.2261539781410205,
    0.0,
    1.265595401128558,
    1.231067063902136,
    1.2789891911573643,
    1.1213014730547948,
    1.245246199796934,
    1.0148357121367815,
    1.1368615499177115,
    0.5504887536527765,
    1.0544191997536774,
    1.2367436245559864,
    1.04366798673178,
    0.0,
    0.8824919481103767,
    1.1655496583106175,
    0.45733428944499965,
    0.5099464565916727
  ],
  "annotation_predictions": [
    3,
    3,
    3,
    3,
    3,
    3,
    3,
    3,
    3,
    3,
    3,
    3,
    3,
    3,
    3,
    3,
    3,
    3,
    3,
    3,
    3,
    3,
    3,
    3,
    3,
    3,
    3,
    3,
    3,
    3,
    3,
    3,
    3,
    3,
    3,
    3,
    3,
    3,
    3,
    3,
    3,
    3,
    3,
    3,
    3,
    3,
    3,
    3,
    3,
    3,
    3,
    3,
    3,
    3,
    3,
    3,
    3,
    3,
    3,
    3,
    3,
    3,
    3,
    3,
    3,
    3,
    3,
    3,
    3,
    3,
    3,
    3,
    3,
    3,
    3,
    3,
    3,
    3,
    3,
    3,
    3,
    3,
    3,
    3,
    3,
    3,
    3,
    3,
    3,
    3,
    3,
    3,
    3,
    3,
    3,
    3,
    3,
    3,
    3,
    3
  ],
  "accuracy": []
}