{
  "annotation_type": "@NonNegative",
  "base_model_type": "enhanced_gcn",
  "final_train_loss": 0.6969482465223833,
  "final_val_loss": 0.6870500445365906,
  "final_train_accuracy": 0.5,
  "final_val_accuracy": 0.5813953488372093,
  "best_val_loss": 0.6784739295641581,
  "epochs": 5,
  "max_nodes": 1000,
  "max_edges": 2000,
  "training_samples": 342,
  "validation_samples": 86
}