{
  "episodes": [
    1,
    2,
    3,
    4,
    5,
    6,
    7,
    8,
    9,
    10
  ],
  "rewards": [
    1.2521811496694009,
    1.2383424319405882,
    1.1601169072768094,
    1.1511646188972644,
    1.1601344842283445,
    1.2748428595828722,
    1.1933617132096261,
    1.2221390951618738,
    1.1002688899850719,
    1.1129640533128313
  ],
  "annotation_predictions": [
    3,
    3,
    3,
    3,
    3,
    3,
    3,
    3,
    3,
    3
  ],
  "accuracy": []
}