{
  "episodes": [
    1,
    2,
    3,
    4,
    5,
    6,
    7,
    8,
    9,
    10
  ],
  "rewards": [
    1.1571375540143995,
    1.2682085836449482,
    1.2022275190603542,
    1.1579467173413642,
    1.1549448794598542,
    1.1828673677845014,
    1.2963211179576537,
    1.1201263532307584,
    1.1653049274675902,
    1.1645419917356383
  ],
  "annotation_predictions": [
    3,
    3,
    3,
    3,
    3,
    3,
    3,
    3,
    3,
    3
  ],
  "accuracy": []
}