{
  "episodes": [
    1,
    2,
    3,
    4,
    5
  ],
  "rewards": [
    0.0,
    0.024005159367454176,
    0.36910908353211075,
    0.4441337527755746,
    -0.06068238478122734
  ],
  "annotation_predictions": [
    3,
    3,
    3,
    3,
    3
  ],
  "accuracy": []
}