{
  "episodes": [
    1,
    2,
    3,
    4,
    5,
    6,
    7,
    8,
    9,
    10
  ],
  "rewards": [
    0.005626922957800901,
    -0.035085608112249464,
    -0.031668047492348736,
    -0.054571996942525125,
    0.05536584094096364,
    0.08421324994143628,
    -0.0062316106623094,
    -0.08429760238828365,
    -0.006308448892940091,
    0.0572555040442681
  ],
  "annotation_predictions": [
    3,
    3,
    3,
    3,
    3,
    3,
    3,
    3,
    3,
    3
  ],
  "accuracy": []
}