{
  "episodes": [
    1,
    2,
    3,
    4,
    5,
    6,
    7,
    8,
    9,
    10
  ],
  "rewards": [
    0.23463329066478772,
    0.41333670432463465,
    0.4017359535711673,
    0.3245758654594832,
    0.39201116715972806,
    0.33069440869691535,
    0.3528807967946782,
    0.3478005948718016,
    0.2688789438362461,
    0.26154673388068694
  ],
  "annotation_predictions": [
    3,
    3,
    3,
    3,
    3,
    3,
    3,
    3,
    3,
    3
  ],
  "accuracy": []
}