{
  "episodes": [
    1,
    2,
    3,
    4,
    5,
    6,
    7,
    8,
    9,
    10,
    11,
    12,
    13,
    14,
    15,
    16,
    17,
    18,
    19,
    20,
    21,
    22,
    23,
    24,
    25,
    26,
    27,
    28,
    29,
    30,
    31,
    32,
    33,
    34,
    35,
    36,
    37,
    38,
    39,
    40,
    41,
    42,
    43,
    44,
    45,
    46,
    47,
    48,
    49,
    50,
    51,
    52,
    53,
    54,
    55,
    56,
    57,
    58,
    59,
    60,
    61,
    62,
    63,
    64,
    65,
    66,
    67,
    68,
    69,
    70,
    71,
    72,
    73,
    74,
    75,
    76,
    77,
    78,
    79,
    80,
    81,
    82,
    83,
    84,
    85,
    86,
    87,
    88,
    89,
    90,
    91,
    92,
    93,
    94,
    95,
    96,
    97,
    98,
    99,
    100
  ],
  "rewards": [
    0.38278021008991464,
    0.008425699531774855,
    0.2584724938918869,
    0.0023577991772699286,
    0.19593892469661345,
    0.0,
    0.4037075226826149,
    0.13629168361675587,
    -0.04083991964544427,
    0.025093817569062205,
    0.0,
    -0.039775084541796436,
    0.2906960047235026,
    0.23153201963195771,
    0.17367855522559336,
    0.14542312495881488,
    0.0,
    0.4904213562672961,
    -0.023302714673474917,
    0.0,
    0.0,
    0.7322505142682211,
    0.35655158374254836,
    0.13339173532875653,
    0.6209433999449093,
    0.0,
    0.25736540335218633,
    0.2488371515156475,
    0.6768925950424236,
    0.3263190153817671,
    1.1303263146084925,
    1.1793723093468902,
    1.1057730719592294,
    1.193326944865246,
    0.0,
    1.2283117847864493,
    0.8718742917575042,
    1.2045520815285318,
    1.17789222008228,
    1.1133259566394174,
    1.2044525860251736,
    1.2340582559238142,
    0.8752318394426886,
    0.0,
    1.1123754630999223,
    0.0,
    1.2304379441297852,
    0.0,
    1.1058592987654192,
    0.0,
    0.0,
    0.0,
    1.037396053626556,
    1.1229390834290152,
    0.4337879639889475,
    0.0,
    1.0300424066218756,
    1.1710637534994346,
    0.924127526573848,
    1.0109007714616034,
    0.5790776214134057,
    1.1054433914247805,
    1.0353670059661653,
    1.135833947934043,
    0.0,
    1.2197597337376886,
    0.48125759789861017,
    0.975355121118223,
    1.2244336482522724,
    0.8688892566799743,
    0.0,
    0.9343084002049198,
    0.09792891227126074,
    1.064872924520707,
    1.0255161204808503,
    0.5359885239622443,
    0.9820171436877224,
    0.0,
    0.6895895115700811,
    0.4765350365647106,
    1.1033086981754765,
    0.0,
    0.9647172994437176,
    0.0,
    -0.07581281199871626,
    1.2151156837207497,
    1.1240994802696052,
    1.2466643119778469,
    1.2814715430475894,
    0.9032411060979084,
    1.1373124907664285,
    0.5278384132465653,
    0.8977169038433104,
    1.1015945318507685,
    0.9131011717531753,
    0.0,
    0.9230213391686255,
    1.2269661772697464,
    0.5534864120077735,
    0.5281964502076876
  ],
  "annotation_predictions": [
    3,
    3,
    3,
    3,
    3,
    3,
    3,
    3,
    3,
    3,
    3,
    3,
    3,
    3,
    3,
    3,
    3,
    3,
    3,
    3,
    3,
    3,
    3,
    3,
    3,
    3,
    3,
    3,
    3,
    3,
    3,
    3,
    3,
    3,
    3,
    3,
    3,
    3,
    3,
    3,
    3,
    3,
    3,
    3,
    3,
    3,
    3,
    3,
    3,
    3,
    3,
    3,
    3,
    3,
    3,
    3,
    3,
    3,
    3,
    3,
    3,
    3,
    3,
    3,
    3,
    3,
    3,
    3,
    3,
    3,
    3,
    3,
    3,
    3,
    3,
    3,
    3,
    3,
    3,
    3,
    3,
    3,
    3,
    3,
    3,
    3,
    3,
    3,
    3,
    3,
    3,
    3,
    3,
    3,
    3,
    3,
    3,
    3,
    3,
    3
  ],
  "accuracy": []
}