{
  "episodes": [
    1,
    2,
    3,
    4,
    5,
    6,
    7,
    8,
    9,
    10
  ],
  "rewards": [
    0.06449361482446611,
    0.01031321301743511,
    -0.09313383673962866,
    -0.05178463392009763,
    -0.05184087072732973,
    0.08735964057565349,
    0.0289308981570075,
    0.046952250576252214,
    0.07063413902102075,
    -0.008485175239817885
  ],
  "annotation_predictions": [
    3,
    3,
    3,
    3,
    3,
    3,
    3,
    3,
    3,
    3
  ],
  "accuracy": []
}