{
  "episodes": [
    1,
    2,
    3,
    4,
    5,
    6,
    7,
    8,
    9,
    10
  ],
  "rewards": [
    1.2599907480471833,
    1.1032402749057255,
    1.2105216294966374,
    1.2481358757984318,
    1.1111729214887118,
    1.120599310500055,
    1.2154057077066949,
    1.1126460654390078,
    1.202938098082092,
    1.1853984448471893
  ],
  "annotation_predictions": [
    3,
    3,
    3,
    3,
    3,
    3,
    3,
    3,
    3,
    3
  ],
  "accuracy": []
}