{
  "episodes": [
    1,
    2,
    3,
    4,
    5,
    6,
    7,
    8,
    9,
    10
  ],
  "rewards": [
    -0.020528810809947798,
    -0.06482598028689886,
    -0.09527921794772104,
    0.036227360073564085,
    -0.08376631556797587,
    -0.056724041778153426,
    -0.04501068709705798,
    -0.055382191708601924,
    -0.030918956594845587,
    -0.011342593517507174
  ],
  "annotation_predictions": [
    3,
    3,
    3,
    3,
    3,
    3,
    3,
    3,
    3,
    3
  ],
  "accuracy": []
}