{
  "episodes": [
    1,
    2,
    3,
    4,
    5,
    6,
    7,
    8,
    9,
    10
  ],
  "rewards": [
    -0.02335214275940753,
    0.017425437428071427,
    -0.07024631130064135,
    0.09832339613504879,
    -0.03335448790764926,
    -0.09121869165138641,
    0.020684778943798526,
    -0.06483729664488332,
    0.08645498644625632,
    -0.034300373130549525
  ],
  "annotation_predictions": [
    3,
    3,
    3,
    3,
    3,
    3,
    3,
    3,
    3,
    3
  ],
  "accuracy": []
}