{
  "episodes": [
    1,
    2,
    3,
    4,
    5,
    6,
    7,
    8,
    9,
    10
  ],
  "rewards": [
    1.287094507654843,
    1.2806770723966256,
    1.2903265446998045,
    1.1722188669082634,
    1.2840326634507568,
    1.134812908040854,
    1.2392493007157683,
    1.2742078992698642,
    1.1212662766331167,
    1.1852168828922158
  ],
  "annotation_predictions": [
    3,
    3,
    3,
    3,
    3,
    3,
    3,
    3,
    3,
    3
  ],
  "accuracy": []
}