{
  "episodes": [
    1,
    2,
    3,
    4,
    5
  ],
  "rewards": [
    1.2598527033616718,
    1.1741036696634688,
    1.1459091094688008,
    1.1760848303758076,
    1.1655615017498158
  ],
  "annotation_predictions": [
    3,
    3,
    3,
    3,
    3
  ],
  "accuracy": []
}