{
  "episodes": [
    1,
    2,
    3
  ],
  "rewards": [
    0.0,
    0.01752074091788565,
    0.41764172630331275
  ],
  "annotation_predictions": [
    3,
    3,
    3
  ],
  "accuracy": []
}