{
  "episodes": [
    1,
    2,
    3,
    4,
    5,
    6,
    7,
    8,
    9,
    10
  ],
  "rewards": [
    0.08654640586510906,
    0.04433338322095287,
    0.005302882135048176,
    -0.0882231718370618,
    0.017473780856570448,
    0.006576039344938223,
    -0.02485305727871838,
    0.021123604868801382,
    -0.07275067700016813,
    -0.035260310083450305
  ],
  "annotation_predictions": [
    3,
    3,
    3,
    3,
    3,
    3,
    3,
    3,
    3,
    3
  ],
  "accuracy": []
}