{
  "episodes": [
    1,
    2,
    3,
    4,
    5,
    6,
    7,
    8,
    9,
    10
  ],
  "rewards": [
    1.2600422427973137,
    1.2777439387313985,
    1.2203205564166768,
    1.2935492886340239,
    1.2679997493301682,
    1.2026281748115144,
    1.1381749995355925,
    1.1327835117304328,
    1.2196694185231916,
    1.2645349945218012
  ],
  "annotation_predictions": [
    3,
    3,
    3,
    3,
    3,
    3,
    3,
    3,
    3,
    3
  ],
  "accuracy": []
}