{
  "episodes": [
    1,
    2,
    3,
    4,
    5,
    6,
    7,
    8,
    9,
    10
  ],
  "rewards": [
    1.105639130296734,
    1.1280330163162702,
    1.168089799277741,
    1.1403060489989119,
    1.2003957485278967,
    1.111962342862742,
    1.1608115871398883,
    1.241888717703847,
    1.2803965619103646,
    1.2142571362980668
  ],
  "annotation_predictions": [
    3,
    3,
    3,
    3,
    3,
    3,
    3,
    3,
    3,
    3
  ],
  "accuracy": []
}