{
  "annotation_type": "@NonNegative",
  "base_model_type": "enhanced_hybrid",
  "final_train_loss": 0.4754270017147064,
  "final_val_loss": 0.7990626394748688,
  "final_train_accuracy": 0.6666666666666666,
  "final_val_accuracy": 0.6666666666666666,
  "best_val_loss": 0.5676118433475494,
  "epochs": 3,
  "max_nodes": 1000,
  "max_edges": 2000,
  "training_samples": 3,
  "validation_samples": 3
}