{
  "episodes": [
    1,
    2,
    3,
    4,
    5,
    6,
    7,
    8,
    9,
    10
  ],
  "rewards": [
    0.3205406849464477,
    0.25000040358403963,
    0.25409895362057977,
    0.2566743906948313,
    0.31950285942833123,
    0.35471117477599157,
    0.31203128946228403,
    0.3168888272829278,
    0.24725109387977356,
    0.32617938765948096
  ],
  "annotation_predictions": [
    3,
    3,
    3,
    3,
    3,
    3,
    3,
    3,
    3,
    3
  ],
  "accuracy": []
}