{
  "episodes": [
    1,
    2,
    3,
    4,
    5,
    6,
    7,
    8,
    9,
    10
  ],
  "rewards": [
    0.009188432376987188,
    -0.09534128380659,
    -0.09873317427092772,
    -0.03811226692521681,
    0.04491021145081328,
    0.0636117181379495,
    -0.09068217810726294,
    -0.06514076181766665,
    0.08905616524126275,
    -0.006081302466137167
  ],
  "annotation_predictions": [
    3,
    3,
    3,
    3,
    3,
    3,
    3,
    3,
    3,
    3
  ],
  "accuracy": []
}