{
  "episodes": [
    1,
    2,
    3,
    4,
    5,
    6,
    7,
    8,
    9,
    10
  ],
  "rewards": [
    0.0406210149555066,
    0.0038959510328948205,
    -0.06813800498972292,
    -0.004085225389082264,
    0.03078767196845386,
    -0.07741419906500063,
    0.047430857834868834,
    -0.08862062809479797,
    -0.07489923379610022,
    -0.04073155696523319
  ],
  "annotation_predictions": [
    3,
    3,
    3,
    3,
    3,
    3,
    3,
    3,
    3,
    3
  ],
  "accuracy": []
}