{
  "episodes": [
    1,
    2,
    3,
    4,
    5,
    6,
    7,
    8,
    9,
    10,
    11,
    12,
    13,
    14,
    15,
    16,
    17,
    18,
    19,
    20,
    21,
    22,
    23,
    24,
    25,
    26,
    27,
    28,
    29,
    30,
    31,
    32,
    33,
    34,
    35,
    36,
    37,
    38,
    39,
    40,
    41,
    42,
    43,
    44,
    45,
    46,
    47,
    48,
    49,
    50
  ],
  "rewards": [
    0.074272128320745,
    -0.015934796654636235,
    0.00944545732829856,
    0.05973213252746187,
    -0.0346362698673318,
    -0.037698075094579765,
    0.08480091003110543,
    -0.03341949905224702,
    0.013739338348965055,
    -0.04933647428223016,
    0.0032721903634765903,
    -0.04691601665262888,
    0.060619422516864,
    0.04231588471546058,
    -0.021179965717866997,
    -0.054656129965997426,
    -0.0805236675628741,
    0.04739569461802068,
    0.07238051253046535,
    0.035946941641811975,
    1.160283284873817,
    1.1787216222911312,
    1.2406199415931294,
    1.265506281785277,
    1.1526869195839013,
    1.1568386185029644,
    1.141415624539839,
    1.1639797411421096,
    1.1600691298670318,
    1.1279952544608103,
    1.151495846774785,
    1.2561940019536493,
    1.2781086067615188,
    1.1617841408863934,
    1.1249395525799935,
    1.1064250704572252,
    1.2770794737761622,
    1.288395231252304,
    1.27140601356136,
    1.2262880174263884,
    1.119286554544486,
    1.1830706785067215,
    1.1604304825180007,
    1.1665471874822633,
    1.2622605365020632,
    1.231173720644769,
    1.269840189057329,
    1.2871015923904303,
    1.2448943734927271,
    1.1412298453124108
  ],
  "annotation_predictions": [
    3,
    3,
    3,
    3,
    3,
    3,
    3,
    3,
    3,
    3,
    3,
    3,
    3,
    3,
    3,
    3,
    3,
    3,
    3,
    3,
    3,
    3,
    3,
    3,
    3,
    3,
    3,
    3,
    3,
    3,
    3,
    3,
    3,
    3,
    3,
    3,
    3,
    3,
    3,
    3,
    3,
    3,
    3,
    3,
    3,
    3,
    3,
    3,
    3,
    3
  ],
  "accuracy": []
}