{
  "episodes": [
    1,
    2,
    3,
    4,
    5
  ],
  "rewards": [
    1.260213852483229,
    1.2543923037059312,
    1.2677827413004734,
    1.2402105687141258,
    1.177805469839143
  ],
  "annotation_predictions": [
    3,
    3,
    3,
    3,
    3
  ],
  "accuracy": []
}