{
  "episodes": [
    1,
    2,
    3,
    4,
    5,
    6,
    7,
    8,
    9,
    10,
    11,
    12,
    13,
    14,
    15,
    16,
    17,
    18,
    19,
    20,
    21,
    22,
    23,
    24,
    25,
    26,
    27,
    28,
    29,
    30,
    31,
    32,
    33,
    34,
    35,
    36,
    37,
    38,
    39,
    40,
    41,
    42,
    43,
    44,
    45,
    46,
    47,
    48,
    49,
    50,
    51,
    52,
    53,
    54,
    55,
    56,
    57,
    58,
    59,
    60,
    61,
    62,
    63,
    64,
    65,
    66,
    67,
    68,
    69,
    70,
    71,
    72,
    73,
    74,
    75,
    76,
    77,
    78,
    79,
    80,
    81,
    82,
    83,
    84,
    85,
    86,
    87,
    88,
    89,
    90,
    91,
    92,
    93,
    94,
    95,
    96,
    97,
    98,
    99,
    100
  ],
  "rewards": [
    0.5581243524311816,
    1.180923788189693,
    0.8670730718173012,
    1.1553474867846536,
    1.0341332310877303,
    0.0,
    0.5302867520538993,
    1.0355865547943206,
    1.299293377612685,
    1.2200376227127956,
    0.0,
    1.2394681269405101,
    0.8697840173615821,
    0.8725599323748529,
    0.8942846461624504,
    0.9186161485209464,
    0.0,
    0.5127429775592152,
    1.1742734616055066,
    0.0,
    0.0,
    1.252763318813666,
    1.2033907926587013,
    1.061449461408246,
    0.9606605019733641,
    0.0,
    1.2068691344527782,
    -0.09249601786717528,
    1.0660459160291986,
    0.9512160289628844,
    0.9021707120145406,
    -0.023348540215401156,
    0.8900590914863032,
    -0.06490232462128148,
    0.0,
    0.5987907530620891,
    0.9511217847868456,
    1.280307926114986,
    1.0592588341103564,
    0.9206543388641792,
    0.9167685421943739,
    1.1184410164534757,
    0.6188482083969793,
    0.0,
    1.0538412878698202,
    0.0,
    0.9490905247236512,
    0.0,
    1.18611127508599,
    0.0,
    0.0,
    0.0,
    1.058918246864644,
    1.1652366711807567,
    0.6297653644623448,
    0.0,
    0.9746171247220634,
    1.107086074641351,
    1.0529570815699607,
    0.9821320087916272,
    0.6266781510579683,
    1.1479486719186984,
    0.9294638037783762,
    1.1319447205677269,
    0.0,
    1.2034349721458237,
    0.5089736236843444,
    0.9556750205584537,
    1.150903380430195,
    0.9538017062993788,
    0.0,
    1.0310276073648914,
    -0.07281267888363184,
    0.9600286384786051,
    1.0237596739882084,
    0.5635096848856064,
    1.0237961892854015,
    0.0,
    0.6271323641950296,
    0.587029504299253,
    1.195101190954323,
    0.0,
    0.9194563096080383,
    0.0,
    0.08065614323392056,
    1.1386366331594684,
    1.168947762675497,
    1.1788692705770405,
    1.107391771343713,
    1.0119312889496281,
    1.2873648250617693,
    0.4656350440588753,
    1.057605267941729,
    1.2141056894832905,
    0.971934338254469,
    0.0,
    0.9576680281787846,
    1.1749268477007102,
    0.5134302108438857,
    0.4485868486710935
  ],
  "annotation_predictions": [
    3,
    3,
    3,
    3,
    3,
    3,
    3,
    3,
    3,
    3,
    3,
    3,
    3,
    3,
    3,
    3,
    3,
    3,
    3,
    3,
    3,
    3,
    3,
    3,
    3,
    3,
    3,
    3,
    3,
    3,
    3,
    3,
    3,
    3,
    3,
    3,
    3,
    3,
    3,
    3,
    3,
    3,
    3,
    3,
    3,
    3,
    3,
    3,
    3,
    3,
    3,
    3,
    3,
    3,
    3,
    3,
    3,
    3,
    3,
    3,
    3,
    3,
    3,
    3,
    3,
    3,
    3,
    3,
    3,
    3,
    3,
    3,
    3,
    3,
    3,
    3,
    3,
    3,
    3,
    3,
    3,
    3,
    3,
    3,
    3,
    3,
    3,
    3,
    3,
    3,
    3,
    3,
    3,
    3,
    3,
    3,
    3,
    3,
    3,
    3
  ],
  "accuracy": []
}