{
  "episodes": [
    1,
    2,
    3,
    4,
    5,
    6,
    7,
    8,
    9,
    10
  ],
  "rewards": [
    1.2725425423567125,
    1.2898202175741442,
    1.1332911929444693,
    1.2198529206774493,
    1.1770213506997755,
    1.1978740628902038,
    1.2031707045695548,
    1.269605213244841,
    1.2405986456079479,
    1.2022577925250224
  ],
  "annotation_predictions": [
    3,
    3,
    3,
    3,
    3,
    3,
    3,
    3,
    3,
    3
  ],
  "accuracy": []
}