{
  "episodes": [
    1,
    2,
    3,
    4,
    5,
    6,
    7,
    8,
    9,
    10
  ],
  "rewards": [
    1.1551917217840597,
    1.163381927592483,
    1.281476562606179,
    1.1112096431458622,
    1.1275114455654198,
    1.1527674919169395,
    1.2633824131659024,
    1.2219024266323282,
    1.2340844388988517,
    1.2252184349995403
  ],
  "annotation_predictions": [
    3,
    3,
    3,
    3,
    3,
    3,
    3,
    3,
    3,
    3
  ],
  "accuracy": []
}