{
  "episodes": [
    1,
    2,
    3,
    4,
    5,
    6,
    7,
    8,
    9,
    10
  ],
  "rewards": [
    0.0,
    0.038463093332874426,
    0.5400588762068894,
    0.38502352866522865,
    -0.003537182226727456,
    0.09457761921689886,
    0.0,
    0.0,
    0.40205789163244343,
    0.0
  ],
  "annotation_predictions": [
    3,
    3,
    3,
    3,
    3,
    3,
    3,
    3,
    3,
    3
  ],
  "accuracy": []
}