{
  "episodes": [
    1,
    2,
    3,
    4,
    5,
    6,
    7,
    8,
    9,
    10
  ],
  "rewards": [
    -0.06938175242884662,
    -0.04080523059530697,
    0.043688726873168965,
    0.0025058120521014304,
    0.004133189602056664,
    -0.06948042167004354,
    -0.08460078594440266,
    -0.06615064050287844,
    -0.02814432454558856,
    -0.07076425530707552
  ],
  "annotation_predictions": [
    3,
    3,
    3,
    3,
    3,
    3,
    3,
    3,
    3,
    3
  ],
  "accuracy": []
}