{
  "episodes": [
    1,
    2,
    3,
    4,
    5,
    6,
    7,
    8,
    9,
    10
  ],
  "rewards": [
    0.9866604807815408,
    0.9479887441486523,
    1.0421641173683165,
    0.9706330622391115,
    0.9995092190614968,
    0.9019846024692085,
    0.9017716099833101,
    0.8853596493645003,
    1.0161448402675561,
    1.0101043263380467
  ],
  "annotation_predictions": [
    3,
    3,
    3,
    3,
    3,
    3,
    3,
    3,
    3,
    3
  ],
  "accuracy": []
}