{
  "episodes": [
    1,
    2,
    3,
    4,
    5,
    6,
    7,
    8,
    9,
    10,
    11,
    12,
    13,
    14,
    15,
    16,
    17,
    18,
    19,
    20,
    21,
    22,
    23,
    24,
    25,
    26,
    27,
    28,
    29,
    30,
    31,
    32,
    33,
    34,
    35,
    36,
    37,
    38,
    39,
    40,
    41,
    42,
    43,
    44,
    45,
    46,
    47,
    48,
    49,
    50
  ],
  "rewards": [
    0.2364220135420046,
    0.31251548331560264,
    0.14123939950850709,
    0.3033568431850602,
    0.15311065946875987,
    0.32496125234472795,
    0.22219965840727687,
    0.21255618398203094,
    0.17434597418821168,
    0.22376776569474122,
    0.23497645844841997,
    0.1660750653688375,
    0.3184803768497714,
    0.3040511907634015,
    0.16043567487375862,
    0.29017195631279813,
    0.19435096827040219,
    0.22311254728048416,
    0.24811634914282987,
    0.15445311250723764,
    0.9621145889315895,
    0.9207011342664204,
    0.9684479263019927,
    0.9235221495281487,
    0.93592241497781,
    1.0493568565421763,
    1.0665155260231485,
    0.9266762279014118,
    0.910341941552328,
    0.9448900771531006,
    0.9312296140075095,
    0.977133244557182,
    0.9844901574339631,
    0.9033633097318152,
    1.0135881644265907,
    1.0242791887053733,
    0.9736403042804661,
    0.9851107345027401,
    0.9774341521721677,
    1.0582028967651684,
    1.0584447974651443,
    1.0482563980178456,
    0.9622323026032396,
    1.0450940147038186,
    1.0614120165971013,
    0.8836694247080608,
    0.9121777530472492,
    0.9465728054372371,
    0.9667987955580548,
    0.8821564854264266
  ],
  "annotation_predictions": [
    3,
    3,
    3,
    3,
    3,
    3,
    3,
    3,
    3,
    3,
    3,
    3,
    3,
    3,
    3,
    3,
    3,
    3,
    3,
    3,
    3,
    3,
    3,
    3,
    3,
    3,
    3,
    3,
    3,
    3,
    3,
    3,
    3,
    3,
    3,
    3,
    3,
    3,
    3,
    3,
    3,
    3,
    3,
    3,
    3,
    3,
    3,
    3,
    3,
    3
  ],
  "accuracy": []
}