{
  "episodes": [
    1,
    2,
    3,
    4,
    5,
    6,
    7,
    8,
    9,
    10
  ],
  "rewards": [
    0.989358622759485,
    0.9863693130509803,
    0.9672779295490257,
    1.031076516845252,
    0.8926713032732564,
    1.012193744656729,
    0.9739247843497376,
    0.9768668285992468,
    0.8950334780305165,
    1.0024294770113324
  ],
  "annotation_predictions": [
    3,
    3,
    3,
    3,
    3,
    3,
    3,
    3,
    3,
    3
  ],
  "accuracy": []
}