{
  "episodes": [
    1,
    2,
    3,
    4,
    5,
    6,
    7,
    8,
    9,
    10
  ],
  "rewards": [
    1.2880158358149034,
    1.1381774074628297,
    1.2864551848989763,
    1.2493750252046654,
    1.1023910020570011,
    1.2651162745259412,
    1.2188084237896633,
    1.263770112029937,
    1.1694804557502265,
    1.2249380457125922
  ],
  "annotation_predictions": [
    3,
    3,
    3,
    3,
    3,
    3,
    3,
    3,
    3,
    3
  ],
  "accuracy": []
}