{
  "episodes": [
    1,
    2,
    3,
    4,
    5,
    6,
    7,
    8,
    9,
    10
  ],
  "rewards": [
    0.21123008160197998,
    0.18334021397345943,
    0.18509561516024098,
    0.1607164655492303,
    0.20156679146203016,
    0.31714086344998027,
    0.17722821808151556,
    0.2451904891998719,
    0.2814862444696753,
    0.31484376112058127
  ],
  "annotation_predictions": [
    3,
    3,
    3,
    3,
    3,
    3,
    3,
    3,
    3,
    3
  ],
  "accuracy": []
}