{
  "episodes": [
    1,
    2,
    3,
    4,
    5,
    6,
    7,
    8,
    9,
    10,
    11,
    12,
    13,
    14,
    15,
    16,
    17,
    18,
    19,
    20,
    21,
    22,
    23,
    24,
    25,
    26,
    27,
    28,
    29,
    30,
    31,
    32,
    33,
    34,
    35,
    36,
    37,
    38,
    39,
    40,
    41,
    42,
    43,
    44,
    45,
    46,
    47,
    48,
    49,
    50,
    51,
    52,
    53,
    54,
    55,
    56,
    57,
    58,
    59,
    60,
    61,
    62,
    63,
    64,
    65,
    66,
    67,
    68,
    69,
    70,
    71,
    72,
    73,
    74,
    75,
    76,
    77,
    78,
    79,
    80,
    81,
    82,
    83,
    84,
    85,
    86,
    87,
    88,
    89,
    90,
    91,
    92,
    93,
    94,
    95,
    96,
    97,
    98,
    99,
    100
  ],
  "rewards": [
    0.07895527921171264,
    0.03441732897136321,
    -0.02095747755994637,
    -0.0868790946930498,
    0.6149478899834092,
    0.0,
    0.6153064344184594,
    0.0029872350787075314,
    -0.05585843495012084,
    0.46205555090857153,
    0.0,
    -0.059594729067855415,
    0.015725632743246815,
    0.6028328516744393,
    -0.019106402278077,
    0.2770930472970631,
    0.0,
    0.08383885457329115,
    0.09189573402839099,
    0.0,
    0.0,
    0.8794636183357532,
    0.7129789256921955,
    1.2987133281757495,
    1.1790513745596327,
    0.0,
    0.7336162190559754,
    1.1913976090854552,
    1.2911513416078901,
    1.2097047510069525,
    0.41013287240208895,
    1.1788913162613508,
    1.2041759046713982,
    1.289985475828551,
    0.0,
    1.2475906051527266,
    1.2217295001492987,
    0.38622184335182197,
    0.43995034304889974,
    1.148683440129601,
    1.1759376831525805,
    1.2307842965316302,
    1.2366859022159575,
    0.0,
    1.133095568694663,
    0.0,
    1.211686618773913,
    0.0,
    0.47107645845449664,
    0.0,
    0.0,
    0.0,
    1.1105590868103705,
    0.42428405603289193,
    1.1344886771992377,
    0.0,
    1.1106219217609592,
    1.1540019586192334,
    1.2335181884281226,
    1.1366999040448869,
    1.1394246190741049,
    1.2800546432504492,
    1.2544653065364515,
    1.192250512904464,
    0.0,
    0.548519829125954,
    1.2691277948203747,
    1.2394689783954185,
    0.5269578447530131,
    1.162513566084903,
    0.0,
    1.139429172989834,
    1.2119470383801974,
    1.2756585066873345,
    1.2316927294603985,
    1.1986321136468254,
    1.2579668072605743,
    0.0,
    1.2990332846884982,
    1.2787045918269566,
    0.30054766417052936,
    0.0,
    1.1876569621169448,
    0.0,
    1.157764611364208,
    0.48087794160365616,
    1.2877447306666114,
    1.2852407054606765,
    1.2722122699307126,
    1.163406633759395,
    1.1255495882829765,
    1.15414003202848,
    0.3908701848040339,
    1.2227769817638978,
    1.1178993253136156,
    0.0,
    1.2118329473785205,
    0.5605889675578825,
    1.2013672791525711,
    1.1334954472334622
  ],
  "annotation_predictions": [
    3,
    3,
    3,
    3,
    3,
    3,
    3,
    3,
    3,
    3,
    3,
    3,
    3,
    3,
    3,
    3,
    3,
    3,
    3,
    3,
    3,
    3,
    3,
    3,
    3,
    3,
    3,
    3,
    3,
    3,
    3,
    3,
    3,
    3,
    3,
    3,
    3,
    3,
    3,
    3,
    3,
    3,
    3,
    3,
    3,
    3,
    3,
    3,
    3,
    3,
    3,
    3,
    3,
    3,
    3,
    3,
    3,
    3,
    3,
    3,
    3,
    3,
    3,
    3,
    3,
    3,
    3,
    3,
    3,
    3,
    3,
    3,
    3,
    3,
    3,
    3,
    3,
    3,
    3,
    3,
    3,
    3,
    3,
    3,
    3,
    3,
    3,
    3,
    3,
    3,
    3,
    3,
    3,
    3,
    3,
    3,
    3,
    3,
    3,
    3
  ],
  "accuracy": []
}