{
  "episodes": [
    1,
    2,
    3,
    4,
    5,
    6,
    7,
    8,
    9,
    10
  ],
  "rewards": [
    1.0421976043045018,
    1.003967597938911,
    0.9709079486084793,
    0.9070644364621687,
    1.0543117636822052,
    0.9438731040715885,
    1.0224141974718797,
    1.0219197283882155,
    0.9548517573912594,
    0.8735523003759823
  ],
  "annotation_predictions": [
    3,
    3,
    3,
    3,
    3,
    3,
    3,
    3,
    3,
    3
  ],
  "accuracy": []
}