{
  "episodes": [
    1,
    2,
    3,
    4,
    5,
    6,
    7,
    8,
    9,
    10
  ],
  "rewards": [
    0.0,
    0.03671571808345386,
    -0.042695244316865846,
    -0.0792995233097362,
    0.03869341965479983,
    -0.04508478365527438,
    0.0,
    0.0,
    -0.0033802544900793235,
    0.0
  ],
  "annotation_predictions": [
    3,
    3,
    3,
    3,
    3,
    3,
    3,
    3,
    3,
    3
  ],
  "accuracy": []
}