{
  "episodes": [
    1,
    2,
    3,
    4,
    5,
    6,
    7,
    8,
    9,
    10
  ],
  "rewards": [
    1.0096041550415373,
    0.8996918110876255,
    0.9088645241265318,
    0.8893037690802217,
    1.0413574353770858,
    1.0217911745133494,
    0.8953172419766674,
    1.0377142789858396,
    0.9583894358961703,
    1.0326949538298957
  ],
  "annotation_predictions": [
    3,
    3,
    3,
    3,
    3,
    3,
    3,
    3,
    3,
    3
  ],
  "accuracy": []
}