{
  "episodes": [
    1,
    2,
    3,
    4,
    5,
    6,
    7,
    8,
    9,
    10
  ],
  "rewards": [
    1.0578253539945306,
    0.8778636605892929,
    1.0498827758549185,
    1.0008919179330398,
    0.9995098046172831,
    1.0524654755897114,
    0.9441539764748481,
    0.9692030661103568,
    0.9363136875074372,
    1.0257004397592593
  ],
  "annotation_predictions": [
    3,
    3,
    3,
    3,
    3,
    3,
    3,
    3,
    3,
    3
  ],
  "accuracy": []
}