{
  "episodes": [
    1,
    2,
    3
  ],
  "rewards": [
    0.0,
    0.007189427609566285,
    -0.04950353028172483
  ],
  "annotation_predictions": [
    3,
    3,
    3
  ],
  "accuracy": []
}