{
  "episodes": [
    1,
    2,
    3,
    4,
    5,
    6,
    7,
    8,
    9,
    10
  ],
  "rewards": [
    0.9775418452338673,
    0.9514379619241683,
    0.9838300581425625,
    1.0617343511256643,
    0.8787972183336021,
    0.8998462130750571,
    0.9992532813084817,
    0.9805749901747497,
    0.9998950954283125,
    0.8742095709631388
  ],
  "annotation_predictions": [
    3,
    3,
    3,
    3,
    3,
    3,
    3,
    3,
    3,
    3
  ],
  "accuracy": []
}