{
  "episodes": [
    1,
    2,
    3,
    4,
    5,
    6,
    7,
    8,
    9,
    10
  ],
  "rewards": [
    0.9299338660469398,
    0.9354870823538222,
    0.9178344896947357,
    0.868680781206967,
    1.0466854402589494,
    0.9067013417172073,
    0.9397488526281559,
    1.0561011200848456,
    0.9213826688380549,
    0.995791242489718
  ],
  "annotation_predictions": [
    3,
    3,
    3,
    3,
    3,
    3,
    3,
    3,
    3,
    3
  ],
  "accuracy": []
}