{
  "episodes": [
    1,
    2,
    3,
    4,
    5
  ],
  "rewards": [
    0.0,
    -0.07464744724864135,
    0.06113411943280436,
    0.04432589394330913,
    -0.03641946211493807
  ],
  "annotation_predictions": [
    3,
    3,
    3,
    3,
    3
  ],
  "accuracy": []
}