{
  "episodes": [
    1,
    2,
    3,
    4,
    5,
    6,
    7,
    8,
    9,
    10
  ],
  "rewards": [
    0.3266990422763748,
    0.13631016905289262,
    0.2832736910201602,
    0.2728128002204969,
    0.3123387291770775,
    0.16361645732783683,
    0.13907396947534634,
    0.22774568291409872,
    0.26651071216219413,
    0.22167538271313705
  ],
  "annotation_predictions": [
    3,
    3,
    3,
    3,
    3,
    3,
    3,
    3,
    3,
    3
  ],
  "accuracy": []
}