{
  "episodes": [
    1,
    2,
    3,
    4,
    5,
    6,
    7,
    8,
    9,
    10
  ],
  "rewards": [
    1.2486076893015758,
    1.2122351682965065,
    1.122256051729908,
    1.1369436833024085,
    1.1663698196449963,
    1.2526791544210114,
    1.1637957677876773,
    1.1428712262067244,
    1.2506521113779292,
    1.1377107018840178
  ],
  "annotation_predictions": [
    3,
    3,
    3,
    3,
    3,
    3,
    3,
    3,
    3,
    3
  ],
  "accuracy": []
}