{
  "annotation_type": "@Positive",
  "base_model_type": "enhanced_gcn",
  "final_train_loss": 0.697706628929485,
  "final_val_loss": 0.6955424050490061,
  "final_train_accuracy": 0.5263157894736842,
  "final_val_accuracy": 0.5232558139534884,
  "best_val_loss": 0.6927961806456248,
  "epochs": 5,
  "max_nodes": 1000,
  "max_edges": 2000,
  "training_samples": 342,
  "validation_samples": 86
}