{
  "episodes": [
    1,
    2,
    3,
    4,
    5,
    6,
    7,
    8,
    9,
    10,
    11,
    12,
    13,
    14,
    15,
    16,
    17,
    18,
    19,
    20,
    21,
    22,
    23,
    24,
    25,
    26,
    27,
    28,
    29,
    30,
    31,
    32,
    33,
    34,
    35,
    36,
    37,
    38,
    39,
    40,
    41,
    42,
    43,
    44,
    45,
    46,
    47,
    48,
    49,
    50,
    51,
    52,
    53,
    54,
    55,
    56,
    57,
    58,
    59,
    60,
    61,
    62,
    63,
    64,
    65,
    66,
    67,
    68,
    69,
    70,
    71,
    72,
    73,
    74,
    75,
    76,
    77,
    78,
    79,
    80,
    81,
    82,
    83,
    84,
    85,
    86,
    87,
    88,
    89,
    90,
    91,
    92,
    93,
    94,
    95,
    96,
    97,
    98,
    99,
    100
  ],
  "rewards": [
    0.044974934060411614,
    -0.0635089456661438,
    0.0865898297742691,
    0.05145242758007476,
    0.4872718990777577,
    0.0,
    0.09900558924337394,
    0.07132942797537309,
    0.046968026531393675,
    0.5431716051700224,
    0.0,
    -0.07284530603425188,
    -0.029940118405489602,
    0.5832611016027713,
    0.06675555421661589,
    -0.09764627420256299,
    0.0,
    -0.0981948508580574,
    0.037877158955799184,
    0.0,
    0.0,
    0.59260738370731,
    -0.05216962610774467,
    -0.01736240807874649,
    0.5431697948244575,
    0.0,
    0.02046871368770424,
    -0.054389237668839324,
    0.4518596703032182,
    -0.07709444157083366,
    0.5588163044981508,
    0.0643110132670287,
    -0.05760540065244875,
    -0.008334642774652082,
    0.0,
    -0.0016675753936965243,
    -0.03917651436180443,
    0.5351555375080834,
    -0.09707541207042447,
    -0.040505197192434665,
    -0.036186212846991736,
    0.3503485681040751,
    0.04260913006631287,
    0.0,
    -0.0604579860241433,
    0.0,
    0.05997342028272551,
    0.0,
    0.057918073234599826,
    0.0,
    0.0,
    0.0,
    0.577221174772812,
    0.27498229824730264,
    0.7402198066360292,
    0.0,
    0.6994481582886891,
    1.2754346879690535,
    1.2335034505625437,
    1.1612585597249216,
    1.1475335675408658,
    1.1993720409421242,
    1.2845175887037683,
    1.1023387835193315,
    0.0,
    0.39921172702994,
    1.1672016483391252,
    1.1326384208697375,
    0.37089861908345156,
    1.2937949189352254,
    0.0,
    1.2370764740449016,
    1.245215861235551,
    1.1565335085981687,
    1.1246575720520642,
    1.141184203746888,
    1.101865071494791,
    0.0,
    1.2250673759996227,
    1.1990768209365066,
    0.31112721637686336,
    0.0,
    1.298379505622441,
    0.0,
    1.220834501168179,
    0.421516602948135,
    1.2044956531038502,
    1.2041793730529302,
    1.1244196127699093,
    1.1321661536151546,
    1.1562623951753497,
    1.244696840361294,
    0.4212343358229734,
    1.1895109398044446,
    1.1131341899178249,
    0.0,
    1.169377395580851,
    0.5299724862622751,
    1.1102164541824577,
    1.1032744228775961
  ],
  "annotation_predictions": [
    3,
    3,
    3,
    3,
    3,
    3,
    3,
    3,
    3,
    3,
    3,
    3,
    3,
    3,
    3,
    3,
    3,
    3,
    3,
    3,
    3,
    3,
    3,
    3,
    3,
    3,
    3,
    3,
    3,
    3,
    3,
    3,
    3,
    3,
    3,
    3,
    3,
    3,
    3,
    3,
    3,
    3,
    3,
    3,
    3,
    3,
    3,
    3,
    3,
    3,
    3,
    3,
    3,
    3,
    3,
    3,
    3,
    3,
    3,
    3,
    3,
    3,
    3,
    3,
    3,
    3,
    3,
    3,
    3,
    3,
    3,
    3,
    3,
    3,
    3,
    3,
    3,
    3,
    3,
    3,
    3,
    3,
    3,
    3,
    3,
    3,
    3,
    3,
    3,
    3,
    3,
    3,
    3,
    3,
    3,
    3,
    3,
    3,
    3,
    3
  ],
  "accuracy": []
}