{
  "annotation_type": "@Positive",
  "base_model_type": "enhanced_hybrid",
  "final_train_loss": 0.590317077934742,
  "final_val_loss": 0.8839740455150604,
  "final_train_accuracy": 0.6666666666666666,
  "final_val_accuracy": 0.6666666666666666,
  "best_val_loss": 0.7046373784542084,
  "epochs": 3,
  "max_nodes": 1000,
  "max_edges": 2000,
  "training_samples": 3,
  "validation_samples": 3
}