{
  "episodes": [
    1,
    2,
    3,
    4,
    5,
    6,
    7,
    8,
    9,
    10
  ],
  "rewards": [
    0.8825364016079303,
    0.8678480565633288,
    1.0571417810570658,
    0.9198356091044688,
    1.0286155311498832,
    0.8888586355489422,
    0.9760397640945031,
    1.0240337374058333,
    1.045680691917479,
    1.0170196728802956
  ],
  "annotation_predictions": [
    3,
    3,
    3,
    3,
    3,
    3,
    3,
    3,
    3,
    3
  ],
  "accuracy": []
}