{
  "episodes": [
    1,
    2,
    3,
    4,
    5
  ],
  "rewards": [
    0.3161568849694085,
    0.17420628997578752,
    0.3318023141002213,
    0.22971524343416563,
    0.2910408476071379
  ],
  "annotation_predictions": [
    3,
    3,
    3,
    3,
    3
  ],
  "accuracy": []
}