{
  "episodes": [
    1,
    2,
    3,
    4,
    5,
    6,
    7,
    8,
    9,
    10
  ],
  "rewards": [
    0.8697859051431226,
    0.9358327589029523,
    1.0142655815362926,
    1.0571464864059348,
    0.9366732367092859,
    0.9437777337729385,
    0.9540836368756271,
    1.058827866359148,
    0.9310102464232743,
    0.9002424127522434
  ],
  "annotation_predictions": [
    3,
    3,
    3,
    3,
    3,
    3,
    3,
    3,
    3,
    3
  ],
  "accuracy": []
}