{
  "episodes": [
    1,
    2,
    3,
    4,
    5
  ],
  "rewards": [
    0.9262863453242032,
    1.0385835190554173,
    1.064046820503926,
    1.0624236531418516,
    1.0662801869805918
  ],
  "annotation_predictions": [
    3,
    3,
    3,
    3,
    3
  ],
  "accuracy": []
}