{
  "episodes": [
    1,
    2,
    3,
    4,
    5,
    6,
    7,
    8,
    9,
    10
  ],
  "rewards": [
    0.23499831356412593,
    0.1740312720902693,
    0.27173935720832315,
    0.251644647777721,
    0.26484600520794754,
    0.2511741860878346,
    0.22999881235878694,
    0.15367700119178318,
    0.262230324900546,
    0.309671454611101
  ],
  "annotation_predictions": [
    3,
    3,
    3,
    3,
    3,
    3,
    3,
    3,
    3,
    3
  ],
  "accuracy": []
}