{
  "episodes": [
    1,
    2,
    3,
    4,
    5,
    6,
    7,
    8,
    9,
    10
  ],
  "rewards": [
    1.0434530507114876,
    0.9445134139193438,
    0.9634332027923272,
    1.0266332305768064,
    1.038550269412454,
    0.8687090055228481,
    1.0236258141793824,
    1.0384956485590475,
    0.981596396069367,
    0.9413198760519117
  ],
  "annotation_predictions": [
    3,
    3,
    3,
    3,
    3,
    3,
    3,
    3,
    3,
    3
  ],
  "accuracy": []
}