{
  "episodes": [
    1,
    2,
    3,
    4,
    5,
    6,
    7,
    8,
    9,
    10
  ],
  "rewards": [
    0.8917020010094241,
    0.8811139222285775,
    1.022267381525538,
    0.9762019624672674,
    0.8992964122709519,
    1.05648058364467,
    0.8783823535577246,
    1.0569218670146827,
    0.9861477886188497,
    0.9886278718429876
  ],
  "annotation_predictions": [
    3,
    3,
    3,
    3,
    3,
    3,
    3,
    3,
    3,
    3
  ],
  "accuracy": []
}