{
  "episodes": [
    1,
    2,
    3,
    4,
    5,
    6,
    7,
    8,
    9,
    10
  ],
  "rewards": [
    0.15649406202786134,
    0.2664161369771959,
    0.26045010918698785,
    0.134701661300814,
    0.29652879875620075,
    0.1448653743352009,
    0.2503377959073295,
    0.2943578159723847,
    0.15980126504535902,
    0.3085102843838974
  ],
  "annotation_predictions": [
    3,
    3,
    3,
    3,
    3,
    3,
    3,
    3,
    3,
    3
  ],
  "accuracy": []
}