{
  "episodes": [
    1,
    2,
    3,
    4,
    5,
    6,
    7,
    8,
    9,
    10
  ],
  "rewards": [
    0.2605642287275566,
    0.15398171881658926,
    0.21063975080736053,
    0.18059760899859328,
    0.14853528521867768,
    0.13577738551625435,
    0.23100333149796382,
    0.17485977006383618,
    0.13478837230527813,
    0.18955697660925164
  ],
  "annotation_predictions": [
    3,
    3,
    3,
    3,
    3,
    3,
    3,
    3,
    3,
    3
  ],
  "accuracy": []
}