{
  "episodes": [
    1,
    2,
    3,
    4,
    5,
    6,
    7,
    8,
    9,
    10
  ],
  "rewards": [
    0.14815514892394843,
    0.1956977528781792,
    0.23750596122541856,
    0.15116144366998072,
    0.1368898999587676,
    0.3233739823467221,
    0.18470715315700348,
    0.2829714964895864,
    0.13530944715794552,
    0.2845167400927938
  ],
  "annotation_predictions": [
    3,
    3,
    3,
    3,
    3,
    3,
    3,
    3,
    3,
    3
  ],
  "accuracy": []
}