{
  "episodes": [
    1,
    2,
    3,
    4,
    5,
    6,
    7,
    8,
    9,
    10
  ],
  "rewards": [
    1.0133527640615754,
    1.047757400047923,
    1.011722182935512,
    0.9735733118450918,
    0.935737274989952,
    0.9467423947528355,
    0.9423965340079116,
    0.9141185054309593,
    0.8960092033696246,
    0.984685045956392
  ],
  "annotation_predictions": [
    3,
    3,
    3,
    3,
    3,
    3,
    3,
    3,
    3,
    3
  ],
  "accuracy": []
}