{
  "episodes": [
    1,
    2,
    3,
    4,
    5,
    6,
    7,
    8,
    9,
    10,
    11,
    12,
    13,
    14,
    15,
    16,
    17,
    18,
    19,
    20,
    21,
    22,
    23,
    24,
    25,
    26,
    27,
    28,
    29,
    30,
    31,
    32,
    33,
    34,
    35,
    36,
    37,
    38,
    39,
    40,
    41,
    42,
    43,
    44,
    45,
    46,
    47,
    48,
    49,
    50,
    51,
    52,
    53,
    54,
    55,
    56,
    57,
    58,
    59,
    60,
    61,
    62,
    63,
    64,
    65,
    66,
    67,
    68,
    69,
    70,
    71,
    72,
    73,
    74,
    75,
    76,
    77,
    78,
    79,
    80,
    81,
    82,
    83,
    84,
    85,
    86,
    87,
    88,
    89,
    90,
    91,
    92,
    93,
    94,
    95,
    96,
    97,
    98,
    99,
    100
  ],
  "rewards": [
    1.2139660722296957,
    1.1308719014505324,
    1.15977396298454,
    1.236785136237306,
    0.416400135568442,
    0.0,
    1.238085584371111,
    1.2079453647037872,
    1.1213864655892682,
    0.4243944542116443,
    0.0,
    1.1245840642272305,
    1.1940847865635398,
    0.43854934562644116,
    1.2149401402211095,
    1.2591220051835226,
    0.0,
    1.1157615045900182,
    1.1648315695446732,
    0.0,
    0.0,
    0.3919182640194493,
    1.1684188793553096,
    1.2525615850249328,
    0.48636607939675003,
    0.0,
    1.1160251525426983,
    1.293137007492192,
    0.3821503264472612,
    1.299383482567293,
    0.4996062655817105,
    1.1880367675431593,
    1.1270339142988148,
    1.1841683588066374,
    0.0,
    1.1829482029275695,
    1.1126073597126425,
    0.44531916360391843,
    0.44050220785168565,
    1.268776186152921,
    1.2534403937017435,
    1.294150285736216,
    1.111482765308212,
    0.0,
    1.1978221284206747,
    0.0,
    1.2843374562519003,
    0.0,
    0.4313398141198096,
    0.0,
    0.0,
    0.0,
    1.2082872699271237,
    0.40583197996124826,
    1.277506043854583,
    0.0,
    1.2573286038091753,
    1.14539150259996,
    1.1751475515862633,
    1.1975153495728588,
    1.1556932734892116,
    1.1697114498998824,
    1.127460805378421,
    1.1085243395902875,
    0.0,
    0.3919140332431472,
    1.2048157124595762,
    1.207017858470928,
    0.4070782671122801,
    1.1330725192412794,
    0.0,
    1.1533970434739007,
    1.2549783279524986,
    1.1270353728841926,
    1.2940439845655196,
    1.2349025725959433,
    1.1487984802825242,
    0.0,
    1.1098406521518542,
    1.294774772186702,
    0.3104144487148901,
    0.0,
    1.245284326636457,
    0.0,
    1.182663844114399,
    0.5405542547864296,
    1.2816081084396154,
    1.1438008426220176,
    1.2618202027675278,
    1.1763126508006794,
    1.2816585732517236,
    1.1718002786928137,
    0.4270649119072853,
    1.2514934731010894,
    1.207869283442716,
    0.0,
    1.2958663621255342,
    0.3986162609446983,
    1.1328282275136379,
    1.2213936703744315
  ],
  "annotation_predictions": [
    3,
    3,
    3,
    3,
    3,
    3,
    3,
    3,
    3,
    3,
    3,
    3,
    3,
    3,
    3,
    3,
    3,
    3,
    3,
    3,
    3,
    3,
    3,
    3,
    3,
    3,
    3,
    3,
    3,
    3,
    3,
    3,
    3,
    3,
    3,
    3,
    3,
    3,
    3,
    3,
    3,
    3,
    3,
    3,
    3,
    3,
    3,
    3,
    3,
    3,
    3,
    3,
    3,
    3,
    3,
    3,
    3,
    3,
    3,
    3,
    3,
    3,
    3,
    3,
    3,
    3,
    3,
    3,
    3,
    3,
    3,
    3,
    3,
    3,
    3,
    3,
    3,
    3,
    3,
    3,
    3,
    3,
    3,
    3,
    3,
    3,
    3,
    3,
    3,
    3,
    3,
    3,
    3,
    3,
    3,
    3,
    3,
    3,
    3,
    3
  ],
  "accuracy": []
}